onset	duration	trial_type	value	sample
7.735107421875	0.0	button_press	34816	126732
25.4295654296875	0.0	button_press	34816	416638
26.93560791015625	0.0	button_press	34816	441313
27.69586181640625	0.0	button_press	34816	453769
28.38385009765625	0.0	button_press	34816	465041
29.07855224609375	0.0	button_press	34816	476423
29.722900390625	0.0	button_press	34816	486980
30.38262939453125	0.0	button_press	34816	497789
31.031005859375	0.0	button_press	34816	508412
31.5743408203125	0.0	button_press	34816	517314
32.16412353515625	0.0	button_press	34816	526977
32.7933349609375	0.0	button_press	34816	537286
33.37762451171875	0.0	button_press	34816	546859
33.939453125	0.0	button_press	34816	556064
34.61212158203125	0.0	button_press	34816	567085
35.28106689453125	0.0	button_press	34816	578045
35.8836669921875	0.0	button_press	34816	587918
36.54443359375	0.0	button_press	34816	598744
37.17144775390625	0.0	button_press	34816	609017
37.84747314453125	0.0	button_press	34816	620093
38.45111083984375	0.0	button_press	34816	629983
39.069091796875	0.0	button_press	34816	640108
39.70843505859375	0.0	button_press	34816	650583
40.3428955078125	0.0	button_press	34816	660978
40.9686279296875	0.0	button_press	34816	671230
41.58758544921875	0.0	button_press	34816	681371
42.2783203125	0.0	button_press	34816	692688
42.91357421875	0.0	button_press	34816	703096
43.05047607421875	0.0	button_press	34816	705339
43.5628662109375	0.0	button_press	34816	713734
44.26470947265625	0.0	button_press	34816	725233
44.84136962890625	0.0	button_press	34816	734681
45.539306640625	0.0	button_press	34816	746116
46.1248779296875	0.0	button_press	34816	755710
46.7322998046875	0.0	button_press	34816	765662
47.40826416015625	0.0	button_press	34816	776737
48.00250244140625	0.0	button_press	34816	786473
48.6444091796875	0.0	button_press	34816	796990
49.26055908203125	0.0	button_press	34816	807085
49.9134521484375	0.0	button_press	34816	817782
50.5301513671875	0.0	button_press	34816	827886
51.17254638671875	0.0	button_press	34816	838411
51.77691650390625	0.0	button_press	34816	848313
52.39080810546875	0.0	button_press	34816	858371
52.9840087890625	0.0	button_press	34816	868090
53.59490966796875	0.0	button_press	34816	878099
54.1746826171875	0.0	button_press	34816	887598
54.84210205078125	0.0	button_press	34816	898533
55.546875	0.0	button_press	34816	910080
56.11279296875	0.0	button_press	34816	919352
56.743408203125	0.0	button_press	34816	929684
57.43597412109375	0.0	button_press	34816	941031
58.0950927734375	0.0	button_press	34816	951830
58.69903564453125	0.0	button_press	34816	961725
59.42822265625	0.0	button_press	34816	973672
60.00537109375	0.0	button_press	34816	983128
60.61151123046875	0.0	button_press	34816	993059
61.1785888671875	0.0	button_press	34816	1002350
61.82952880859375	0.0	button_press	34816	1013015
62.44488525390625	0.0	button_press	34816	1023097
63.11944580078125	0.0	button_press	34816	1034149
63.6995849609375	0.0	button_press	34816	1043654
64.3575439453125	0.0	button_press	34816	1054434
64.9454345703125	0.0	button_press	34816	1064066
65.60076904296875	0.0	button_press	34816	1074803
66.21759033203125	0.0	button_press	34816	1084909
66.85125732421875	0.0	button_press	34816	1095291
67.5208740234375	0.0	button_press	34816	1106262
68.150390625	0.0	button_press	34816	1116576
68.74224853515625	0.0	button_press	34816	1126273
69.42327880859375	0.0	button_press	34816	1137431
70.0150146484375	0.0	button_press	34816	1147126
70.6771240234375	0.0	button_press	34816	1157974
71.30328369140625	0.0	button_press	34816	1168233
71.902099609375	0.0	button_press	34816	1178044
72.5050048828125	0.0	button_press	34816	1187922
73.1109619140625	0.0	button_press	34816	1197850
73.69873046875	0.0	button_press	34816	1207480
74.32574462890625	0.0	button_press	34816	1217753
74.97613525390625	0.0	button_press	34816	1228409
75.59295654296875	0.0	button_press	34816	1238515
76.24658203125	0.0	button_press	34816	1249224
76.86920166015625	0.0	button_press	34816	1259425
77.48065185546875	0.0	button_press	34816	1269443
78.10888671875	0.0	button_press	34816	1279736
78.71588134765625	0.0	button_press	34816	1289681
79.3406982421875	0.0	button_press	34816	1299918
79.95172119140625	0.0	button_press	34816	1309929
80.6029052734375	0.0	button_press	34816	1320598
81.24627685546875	0.0	button_press	34816	1331139
81.85980224609375	0.0	button_press	34816	1341191
82.4742431640625	0.0	button_press	34816	1351258
83.06396484375	0.0	button_press	34816	1360920
83.65997314453125	0.0	button_press	34816	1370685
84.31866455078125	0.0	button_press	34816	1381477
84.946044921875	0.0	button_press	34816	1391756
85.56207275390625	0.0	button_press	34816	1401849
86.192138671875	0.0	button_press	34816	1412172
86.80914306640625	0.0	button_press	34816	1422281
87.4801025390625	0.0	button_press	34816	1433274
88.0831298828125	0.0	button_press	34816	1443154
88.68719482421875	0.0	button_press	34816	1453051
89.24444580078125	0.0	button_press	34816	1462181
89.829833984375	0.0	button_press	34816	1471772
90.46441650390625	0.0	button_press	34816	1482169
91.11553955078125	0.0	button_press	34816	1492837
91.67852783203125	0.0	button_press	34816	1502061
92.3216552734375	0.0	button_press	34816	1512598
92.93377685546875	0.0	button_press	34816	1522627
93.0574951171875	0.0	button_press	34816	1524654
93.53857421875	0.0	button_press	34816	1532536
94.10748291015625	0.0	button_press	34816	1541857
94.72900390625	0.0	button_press	34816	1552040
95.335693359375	0.0	button_press	34816	1561980
95.92376708984375	0.0	button_press	34816	1571615
96.4913330078125	0.0	button_press	34816	1580914
96.61700439453125	0.0	button_press	34816	1582973
96.6171875	0.0	button_press	34816	1582976
97.08428955078125	0.0	button_press	34816	1590629
97.776611328125	0.0	button_press	34816	1601972
98.340576171875	0.0	button_press	34816	1611212
98.95281982421875	0.0	button_press	34816	1621243
99.564208984375	0.0	button_press	34816	1631260
100.20159912109375	0.0	button_press	34816	1641703
100.81488037109375	0.0	button_press	34816	1651751
101.40625	0.0	button_press	34816	1661440
102.04638671875	0.0	button_press	34816	1671928
102.66046142578125	0.0	button_press	34816	1681989
103.2493896484375	0.0	button_press	34816	1691638
103.8846435546875	0.0	button_press	34816	1702046
104.505615234375	0.0	button_press	34816	1712220
105.12872314453125	0.0	button_press	34816	1722429
105.7164306640625	0.0	button_press	34816	1732058
105.84930419921875	0.0	button_press	34816	1734235
105.85076904296875	0.0	button_press	34816	1734259
105.85101318359375	0.0	button_press	34816	1734263
106.2979736328125	0.0	button_press	34816	1741586
106.87445068359375	0.0	button_press	34816	1751031
107.47735595703125	0.0	button_press	34816	1760909
108.08636474609375	0.0	button_press	34816	1770887
108.5433349609375	0.0	button_press	34816	1778374
109.07720947265625	0.0	button_press	34816	1787121
109.69366455078125	0.0	button_press	34816	1797221
110.260009765625	0.0	button_press	34816	1806500
110.37274169921875	0.0	button_press	34816	1808347
110.9705810546875	0.0	button_press	34816	1818142
111.51715087890625	0.0	button_press	34816	1827097
112.1533203125	0.0	button_press	34816	1837520
112.77099609375	0.0	button_press	34816	1847640
113.3861083984375	0.0	button_press	34816	1857718
114.03265380859375	0.0	button_press	34816	1868311
114.67919921875	0.0	button_press	34816	1878904
115.28509521484375	0.0	button_press	34816	1888831
115.8751220703125	0.0	button_press	34816	1898498
116.4510498046875	0.0	button_press	34816	1907934
117.10516357421875	0.0	button_press	34816	1918651
117.6932373046875	0.0	button_press	34816	1928286
118.310302734375	0.0	button_press	34816	1938396
118.9014892578125	0.0	button_press	34816	1948082
119.54754638671875	0.0	button_press	34816	1958667
120.27838134765625	0.0	button_press	34816	1970641
120.94842529296875	0.0	button_press	34816	1981619
121.55975341796875	0.0	button_press	34816	1991635
122.1878662109375	0.0	button_press	34816	2001926
122.9100341796875	0.0	button_press	34816	2013758
123.54193115234375	0.0	button_press	34816	2024111
124.1416015625	0.0	button_press	34816	2033936
124.77752685546875	0.0	button_press	34816	2044355
125.3876953125	0.0	button_press	34816	2054352
126.04840087890625	0.0	button_press	34816	2065177
126.67071533203125	0.0	button_press	34816	2075373
127.33984375	0.0	button_press	34816	2086336
128.01708984375	0.0	button_press	34816	2097432
128.68109130859375	0.0	button_press	34816	2108311
129.3043212890625	0.0	button_press	34816	2118522
129.96685791015625	0.0	button_press	34816	2129377
130.584716796875	0.0	button_press	34816	2139500
131.24639892578125	0.0	button_press	34816	2150341
131.976318359375	0.0	button_press	34816	2162300
132.65631103515625	0.0	button_press	34816	2173441
133.31060791015625	0.0	button_press	34816	2184161
133.93408203125	0.0	button_press	34816	2194376
134.6444091796875	0.0	button_press	34816	2206014
135.27459716796875	0.0	button_press	34816	2216339
135.9600830078125	0.0	button_press	34816	2227570
136.5667724609375	0.0	button_press	34816	2237510
137.200439453125	0.0	button_press	34816	2247892
137.78082275390625	0.0	button_press	34816	2257401
138.42144775390625	0.0	button_press	34816	2267897
139.04315185546875	0.0	button_press	34816	2278083
139.667724609375	0.0	button_press	34816	2288316
140.37353515625	0.0	button_press	34816	2299880
141.05328369140625	0.0	button_press	34816	2311017
141.697509765625	0.0	button_press	34816	2321572
142.3272705078125	0.0	button_press	34816	2331890
143.0054931640625	0.0	button_press	34816	2343002
143.72027587890625	0.0	button_press	34816	2354713
144.324951171875	0.0	button_press	34816	2364620
145.00189208984375	0.0	button_press	34816	2375711
145.698486328125	0.0	button_press	34816	2387124
146.34259033203125	0.0	button_press	34816	2397677
146.97454833984375	0.0	button_press	34816	2408031
147.60992431640625	0.0	button_press	34816	2418441
148.19708251953125	0.0	button_press	34816	2428061
148.82794189453125	0.0	button_press	34816	2438397
149.509765625	0.0	button_press	34816	2449568
150.27606201171875	0.0	button_press	34816	2462123
150.8790283203125	0.0	button_press	34816	2472002
151.494873046875	0.0	button_press	34816	2482092
152.17864990234375	0.0	button_press	34816	2493295
152.8428955078125	0.0	button_press	34816	2504178
153.5347900390625	0.0	button_press	34816	2515514
154.18048095703125	0.0	button_press	34816	2526093
154.82940673828125	0.0	button_press	34816	2536725
154.94940185546875	0.0	button_press	34816	2538691
155.502197265625	0.0	button_press	34816	2547748
156.14801025390625	0.0	button_press	34816	2558329
156.81146240234375	0.0	button_press	34816	2569199
157.4927978515625	0.0	button_press	34816	2580362
158.1339111328125	0.0	button_press	34816	2590866
158.78460693359375	0.0	button_press	34816	2601527
159.4378662109375	0.0	button_press	34816	2612230
160.08697509765625	0.0	button_press	34816	2622865
160.68499755859375	0.0	button_press	34816	2632663
161.34783935546875	0.0	button_press	34816	2643523
161.9912109375	0.0	button_press	34816	2654064
162.61383056640625	0.0	button_press	34816	2664265
163.19537353515625	0.0	button_press	34816	2673793
163.868408203125	0.0	button_press	34816	2684820
164.44549560546875	0.0	button_press	34816	2694275
165.0948486328125	0.0	button_press	34816	2704914
165.6986083984375	0.0	button_press	34816	2714806
166.33978271484375	0.0	button_press	34816	2725311
167.00335693359375	0.0	button_press	34816	2736183
167.5750732421875	0.0	button_press	34816	2745550
168.17169189453125	0.0	button_press	34816	2755325
168.80413818359375	0.0	button_press	34816	2765687
169.45367431640625	0.0	button_press	34816	2776329
170.08758544921875	0.0	button_press	34816	2786715
170.76202392578125	0.0	button_press	34816	2797765
171.37689208984375	0.0	button_press	34816	2807839
171.98175048828125	0.0	button_press	34816	2817749
172.698486328125	0.0	button_press	34816	2829492
173.28082275390625	0.0	button_press	34816	2839033
173.98126220703125	0.0	button_press	34816	2850509
174.61090087890625	0.0	button_press	34816	2860825
175.20538330078125	0.0	button_press	34816	2870565
175.8428955078125	0.0	button_press	34816	2881010
176.46990966796875	0.0	button_press	34816	2891283
177.1312255859375	0.0	button_press	34816	2902118
177.72320556640625	0.0	button_press	34816	2911817
178.50225830078125	0.0	button_press	34816	2924581
179.17572021484375	0.0	button_press	34816	2935615
179.77020263671875	0.0	button_press	34816	2945355
180.54644775390625	0.0	button_press	34816	2958073
181.03118896484375	0.0	button_press	34816	2966015
181.65869140625	0.0	button_press	34816	2976296
182.331787109375	0.0	button_press	34816	2987324
182.93939208984375	0.0	button_press	34816	2997279
183.576904296875	0.0	button_press	34816	3007724
184.23138427734375	0.0	button_press	34816	3018447
184.80987548828125	0.0	button_press	34816	3027925
185.43145751953125	0.0	button_press	34816	3038109
186.07305908203125	0.0	button_press	34816	3048621
186.705322265625	0.0	button_press	34816	3058980
187.35198974609375	0.0	button_press	34816	3069575
187.48199462890625	0.0	button_press	34816	3071705
187.983642578125	0.0	button_press	34816	3079924
188.6573486328125	0.0	button_press	34816	3090962
189.29937744140625	0.0	button_press	34816	3101481
190.00506591796875	0.0	button_press	34816	3113043
190.6552734375	0.0	button_press	34816	3123696
191.28997802734375	0.0	button_press	34816	3134095
191.94049072265625	0.0	button_press	34816	3144753
192.5582275390625	0.0	button_press	34816	3154874
193.1551513671875	0.0	button_press	34816	3164654
193.8948974609375	0.0	button_press	34816	3176774
194.51409912109375	0.0	button_press	34816	3186919
195.1748046875	0.0	button_press	34816	3197744
195.878662109375	0.0	button_press	34816	3209276
196.524169921875	0.0	button_press	34816	3219852
197.1572265625	0.0	button_press	34816	3230224
197.85003662109375	0.0	button_press	34816	3241575
198.50445556640625	0.0	button_press	34816	3252297
199.2100830078125	0.0	button_press	34816	3263858
199.8831787109375	0.0	button_press	34816	3274886
200.50860595703125	0.0	button_press	34816	3285133
201.1802978515625	0.0	button_press	34816	3296138
201.79833984375	0.0	button_press	34816	3306264
202.47760009765625	0.0	button_press	34816	3317393
203.17681884765625	0.0	button_press	34816	3328849
203.7840576171875	0.0	button_press	34816	3338798
204.43487548828125	0.0	button_press	34816	3349461
205.041015625	0.0	button_press	34816	3359392
205.76678466796875	0.0	button_press	34816	3371283
206.4796142578125	0.0	button_press	34816	3382962
207.188232421875	0.0	button_press	34816	3394572
207.75115966796875	0.0	button_press	34816	3403795
208.40655517578125	0.0	button_press	34816	3414533
208.9918212890625	0.0	button_press	34816	3424122
209.6138916015625	0.0	button_press	34816	3434314
210.17559814453125	0.0	button_press	34816	3443517
210.816650390625	0.0	button_press	34816	3454020
211.44598388671875	0.0	button_press	34816	3464331
212.0628662109375	0.0	button_press	34816	3474438
212.67822265625	0.0	button_press	34816	3484520
213.29156494140625	0.0	button_press	34816	3494569
213.91168212890625	0.0	button_press	34816	3504729
214.50244140625	0.0	button_press	34816	3514408
215.05255126953125	0.0	button_press	34816	3523421
215.7205810546875	0.0	button_press	34816	3534366
216.32208251953125	0.0	button_press	34816	3544221
216.91534423828125	0.0	button_press	34816	3553941
217.5477294921875	0.0	button_press	34816	3564302
218.14276123046875	0.0	button_press	34816	3574051
218.74737548828125	0.0	button_press	34816	3583957
219.3948974609375	0.0	button_press	34816	3594566
219.9808349609375	0.0	button_press	34816	3604166
220.61395263671875	0.0	button_press	34816	3614539
221.26800537109375	0.0	button_press	34816	3625255
221.843505859375	0.0	button_press	34816	3634684
222.449951171875	0.0	button_press	34816	3644620
223.10986328125	0.0	button_press	34816	3655432
223.70355224609375	0.0	button_press	34816	3665159
224.36383056640625	0.0	button_press	34816	3675977
224.94873046875	0.0	button_press	34816	3685560
225.54779052734375	0.0	button_press	34816	3695375
226.16552734375	0.0	button_press	34816	3705496
226.75201416015625	0.0	button_press	34816	3715105
227.358642578125	0.0	button_press	34816	3725044
227.97021484375	0.0	button_press	34816	3735064
228.642333984375	0.0	button_press	34816	3746076
229.21490478515625	0.0	button_press	34816	3755457
229.86663818359375	0.0	button_press	34816	3766135
230.49688720703125	0.0	button_press	34816	3776461
231.08087158203125	0.0	button_press	34816	3786029
231.73211669921875	0.0	button_press	34816	3796699
232.36004638671875	0.0	button_press	34816	3806987
232.98907470703125	0.0	button_press	34816	3817293
233.65216064453125	0.0	button_press	34816	3828157
234.28204345703125	0.0	button_press	34816	3838477
234.39984130859375	0.0	button_press	34816	3840407
234.89727783203125	0.0	button_press	34816	3848557
235.4912109375	0.0	button_press	34816	3858288
236.09564208984375	0.0	button_press	34816	3868191
236.75091552734375	0.0	button_press	34816	3878927
237.40435791015625	0.0	button_press	34816	3889633
238.0	0.0	button_press	34816	3899392
238.60821533203125	0.0	button_press	34816	3909357
239.23944091796875	0.0	button_press	34816	3919699
239.88134765625	0.0	button_press	34816	3930216
240.48291015625	0.0	button_press	34816	3940072
241.14251708984375	0.0	button_press	34816	3950879
241.7115478515625	0.0	button_press	34816	3960202
242.36505126953125	0.0	button_press	34816	3970909
242.962646484375	0.0	button_press	34816	3980700
243.55084228515625	0.0	button_press	34816	3990337
244.12890625	0.0	button_press	34816	3999808
244.6512451171875	0.0	button_press	34816	4008366
245.2481689453125	0.0	button_press	34816	4018146
245.78924560546875	0.0	button_press	34816	4027011
246.4403076171875	0.0	button_press	34816	4037678
247.01336669921875	0.0	button_press	34816	4047067
247.57049560546875	0.0	button_press	34816	4056195
248.16192626953125	0.0	button_press	34816	4065885
248.74627685546875	0.0	button_press	34816	4075459
249.303955078125	0.0	button_press	34816	4084596
249.8834228515625	0.0	button_press	34816	4094090
250.47137451171875	0.0	button_press	34816	4103723
250.9752197265625	0.0	button_press	34816	4111978
251.60296630859375	0.0	button_press	34816	4122263
252.23077392578125	0.0	button_press	34816	4132549
252.83575439453125	0.0	button_press	34816	4142461
253.4537353515625	0.0	button_press	34816	4152586
254.06927490234375	0.0	button_press	34816	4162671
254.66607666015625	0.0	button_press	34816	4172449
255.30706787109375	0.0	button_press	34816	4182951
255.895263671875	0.0	button_press	34816	4192588
256.4638671875	0.0	button_press	34816	4201904
257.0345458984375	0.0	button_press	34816	4211254
257.65850830078125	0.0	button_press	34816	4221477
258.26715087890625	0.0	button_press	34816	4231449
258.876953125	0.0	button_press	34816	4241440
259.45672607421875	0.0	button_press	34816	4250939
260.13714599609375	0.0	button_press	34816	4262087
260.5743408203125	0.0	button_press	34816	4269250
260.90185546875	0.0	button_press	34816	4274616
261.4837646484375	0.0	button_press	34816	4284150
262.0926513671875	0.0	button_press	34816	4294126
262.7113037109375	0.0	button_press	34816	4304262
263.36181640625	0.0	button_press	34816	4314920
263.96575927734375	0.0	button_press	34816	4324815
264.52777099609375	0.0	button_press	34816	4334023
265.103271484375	0.0	button_press	34816	4343452
265.77734375	0.0	button_press	34816	4354496
266.3973388671875	0.0	button_press	34816	4364654
266.9686279296875	0.0	button_press	34816	4374014
267.56158447265625	0.0	button_press	34816	4383729
268.1363525390625	0.0	button_press	34816	4393146
268.76409912109375	0.0	button_press	34816	4403431
269.35614013671875	0.0	button_press	34816	4413131
269.945556640625	0.0	button_press	34816	4422788
270.55096435546875	0.0	button_press	34816	4432707
271.14300537109375	0.0	button_press	34816	4442407
271.74578857421875	0.0	button_press	34816	4452283
272.2796630859375	0.0	button_press	34816	4461030
272.84637451171875	0.0	button_press	34816	4470315
273.42071533203125	0.0	button_press	34816	4479725
274.072265625	0.0	button_press	34816	4490400
274.602294921875	0.0	button_press	34816	4499084
275.18597412109375	0.0	button_press	34816	4508647
275.7899169921875	0.0	button_press	34816	4518542
276.36431884765625	0.0	button_press	34816	4527953
276.977294921875	0.0	button_press	34816	4537996
277.548583984375	0.0	button_press	34816	4547356
278.157958984375	0.0	button_press	34816	4557340
278.77410888671875	0.0	button_press	34816	4567435
279.36663818359375	0.0	button_press	34816	4577143
279.951171875	0.0	button_press	34816	4586720
280.560791015625	0.0	button_press	34816	4596708
281.15380859375	0.0	button_press	34816	4606424
281.726806640625	0.0	button_press	34816	4615812
282.3226318359375	0.0	button_press	34816	4625574
282.9166259765625	0.0	button_press	34816	4635306
283.4805908203125	0.0	button_press	34816	4644546
284.1055908203125	0.0	button_press	34816	4654786
284.6805419921875	0.0	button_press	34816	4664206
285.2578125	0.0	button_press	34816	4673664
285.83941650390625	0.0	button_press	34816	4683193
286.433837890625	0.0	button_press	34816	4692932
287.0247802734375	0.0	button_press	34816	4702614
287.50347900390625	0.0	button_press	34816	4710457
288.3011474609375	0.0	button_press	34816	4723526
289.00555419921875	0.0	button_press	34816	4735067
289.67413330078125	0.0	button_press	34816	4746021
290.2596435546875	0.0	button_press	34816	4755614
290.90911865234375	0.0	button_press	34816	4766255
291.5771484375	0.0	button_press	34816	4777200
292.17828369140625	0.0	button_press	34816	4787049
292.7244873046875	0.0	button_press	34816	4795998
293.31365966796875	0.0	button_press	34816	4805651
293.894775390625	0.0	button_press	34816	4815172
294.47283935546875	0.0	button_press	34816	4824643
295.04425048828125	0.0	button_press	34816	4834005
295.6458740234375	0.0	button_press	34816	4843862
296.2445068359375	0.0	button_press	34816	4853670
296.82763671875	0.0	button_press	34816	4863224
297.423583984375	0.0	button_press	34816	4872988
297.9923095703125	0.0	button_press	34816	4882306
298.5863037109375	0.0	button_press	34816	4892038
299.13079833984375	0.0	button_press	34816	4900959
299.7369384765625	0.0	button_press	34816	4910890
300.32073974609375	0.0	button_press	34816	4920455
300.933837890625	0.0	button_press	34816	4930500
301.51080322265625	0.0	button_press	34816	4939953
302.0428466796875	0.0	button_press	34816	4948670
302.6292724609375	0.0	button_press	34816	4958278
303.216064453125	0.0	button_press	34816	4967892
303.77337646484375	0.0	button_press	34816	4977023
304.35394287109375	0.0	button_press	34816	4986535
304.91766357421875	0.0	button_press	34816	4995771
305.5091552734375	0.0	button_press	34816	5005462
306.0675048828125	0.0	button_press	34816	5014610
306.61956787109375	0.0	button_press	34816	5023655
307.15887451171875	0.0	button_press	34816	5032491
307.715087890625	0.0	button_press	34816	5041604
308.2982177734375	0.0	button_press	34816	5051158
308.862060546875	0.0	button_press	34816	5060396
309.4156494140625	0.0	button_press	34816	5069466
310.03985595703125	0.0	button_press	34816	5079693
310.58905029296875	0.0	button_press	34816	5088691
311.18756103515625	0.0	button_press	34816	5098497
311.7440185546875	0.0	button_press	34816	5107614
312.3577880859375	0.0	button_press	34816	5117670
312.95135498046875	0.0	button_press	34816	5127395
313.51702880859375	0.0	button_press	34816	5136663
314.09466552734375	0.0	button_press	34816	5146127
314.68206787109375	0.0	button_press	34816	5155751
315.24334716796875	0.0	button_press	34816	5164947
315.81610107421875	0.0	button_press	34816	5174331
316.37744140625	0.0	button_press	34816	5183528
316.9681396484375	0.0	button_press	34816	5193206
317.53515625	0.0	button_press	34816	5202496
318.11309814453125	0.0	button_press	34816	5211965
318.6737060546875	0.0	button_press	34816	5221150
319.26885986328125	0.0	button_press	34816	5230901
319.8232421875	0.0	button_press	34816	5239984
320.4091796875	0.0	button_press	34816	5249584
321.01226806640625	0.0	button_press	34816	5259465
321.562744140625	0.0	button_press	34816	5268484
322.10528564453125	0.0	button_press	34816	5277373
322.65924072265625	0.0	button_press	34816	5286449
323.21636962890625	0.0	button_press	34816	5295577
323.79132080078125	0.0	button_press	34816	5304997
324.37689208984375	0.0	button_press	34816	5314591
324.96368408203125	0.0	button_press	34816	5324205
325.54571533203125	0.0	button_press	34816	5333741
326.1048583984375	0.0	button_press	34816	5342902
326.6600341796875	0.0	button_press	34816	5351998
327.29296875	0.0	button_press	34816	5362368
327.842529296875	0.0	button_press	34816	5371372
328.40728759765625	0.0	button_press	34816	5380625
328.98553466796875	0.0	button_press	34816	5390099
329.569580078125	0.0	button_press	34816	5399668
330.1083984375	0.0	button_press	34816	5408496
330.6817626953125	0.0	button_press	34816	5417890
331.18218994140625	0.0	button_press	34816	5426089
331.78338623046875	0.0	button_press	34816	5435939
332.35614013671875	0.0	button_press	34816	5445323
332.873779296875	0.0	button_press	34816	5453804
333.42572021484375	0.0	button_press	34816	5462847
334.0230712890625	0.0	button_press	34816	5472634
334.55999755859375	0.0	button_press	34816	5481431
335.161865234375	0.0	button_press	34816	5491292
335.68609619140625	0.0	button_press	34816	5499881
336.25543212890625	0.0	button_press	34816	5509209
336.79498291015625	0.0	button_press	34816	5518049
337.3555908203125	0.0	button_press	34816	5527234
337.96051025390625	0.0	button_press	34816	5537145
338.50469970703125	0.0	button_press	34816	5546061
339.1134033203125	0.0	button_press	34816	5556034
339.7452392578125	0.0	button_press	34816	5566386
340.27947998046875	0.0	button_press	34816	5575139
340.85638427734375	0.0	button_press	34816	5584591
341.4517822265625	0.0	button_press	34816	5594346
342.01495361328125	0.0	button_press	34816	5603573
342.5849609375	0.0	button_press	34816	5612912
343.1717529296875	0.0	button_press	34816	5622526
343.76666259765625	0.0	button_press	34816	5632273
344.35772705078125	0.0	button_press	34816	5641957
344.87213134765625	0.0	button_press	34816	5650385
345.501708984375	0.0	button_press	34816	5660700
345.6107177734375	0.0	button_press	34816	5662486
346.0418701171875	0.0	button_press	34816	5669550
346.627197265625	0.0	button_press	34816	5679140
347.23785400390625	0.0	button_press	34816	5689145
347.8248291015625	0.0	button_press	34816	5698762
348.39697265625	0.0	button_press	34816	5708136
349.0203857421875	0.0	button_press	34816	5718350
349.6055908203125	0.0	button_press	34816	5727938
350.170654296875	0.0	button_press	34816	5737196
350.7467041015625	0.0	button_press	34816	5746634
350.85382080078125	0.0	button_press	34816	5748389
351.3035888671875	0.0	button_press	34816	5755758
351.89501953125	0.0	button_press	34816	5765448
352.4991455078125	0.0	button_press	34816	5775346
353.009521484375	0.0	button_press	34816	5783708
353.6104736328125	0.0	button_press	34816	5793554
354.19891357421875	0.0	button_press	34816	5803195
354.81988525390625	0.0	button_press	34816	5813369
355.34954833984375	0.0	button_press	34816	5822047
355.97283935546875	0.0	button_press	34816	5832259
356.5994873046875	0.0	button_press	34816	5842526
357.2164306640625	0.0	button_press	34816	5852634
357.7669677734375	0.0	button_press	34816	5861654
358.29376220703125	0.0	button_press	34816	5870285
358.802978515625	0.0	button_press	34816	5878628
359.3619384765625	0.0	button_press	34816	5887786
359.92974853515625	0.0	button_press	34816	5897089
360.476806640625	0.0	button_press	34816	5906052
361.0291748046875	0.0	button_press	34816	5915102
361.16229248046875	0.0	button_press	34816	5917283
361.6080322265625	0.0	button_press	34816	5924586
362.15472412109375	0.0	button_press	34816	5933543
362.65643310546875	0.0	button_press	34816	5941763
363.2314453125	0.0	button_press	34816	5951184
363.72161865234375	0.0	button_press	34816	5959215
364.29498291015625	0.0	button_press	34816	5968609
364.865966796875	0.0	button_press	34816	5977964
365.406005859375	0.0	button_press	34816	5986812
365.8944091796875	0.0	button_press	34816	5994814
366.47760009765625	0.0	button_press	34816	6004369
366.98602294921875	0.0	button_press	34816	6012699
367.558349609375	0.0	button_press	34816	6022076
368.0677490234375	0.0	button_press	34816	6030422
368.584716796875	0.0	button_press	34816	6038892
369.14630126953125	0.0	button_press	34816	6048093
369.66455078125	0.0	button_press	34816	6056584
370.21270751953125	0.0	button_press	34816	6065565
370.762939453125	0.0	button_press	34816	6074580
371.30035400390625	0.0	button_press	34816	6083385
371.81866455078125	0.0	button_press	34816	6091877
372.3836669921875	0.0	button_press	34816	6101134
372.93804931640625	0.0	button_press	34816	6110217
373.4317626953125	0.0	button_press	34816	6118306
373.92840576171875	0.0	button_press	34816	6126443
374.45587158203125	0.0	button_press	34816	6135085
374.9813232421875	0.0	button_press	34816	6143694
375.49017333984375	0.0	button_press	34816	6152031
376.0465087890625	0.0	button_press	34816	6161146
376.58868408203125	0.0	button_press	34816	6170029
377.13885498046875	0.0	button_press	34816	6179043
377.6846923828125	0.0	button_press	34816	6187986
378.234619140625	0.0	button_press	34816	6196996
378.71826171875	0.0	button_press	34816	6204920
379.28790283203125	0.0	button_press	34816	6214253
379.84869384765625	0.0	button_press	34816	6223441
380.34503173828125	0.0	button_press	34816	6231573
380.88812255859375	0.0	button_press	34816	6240471
381.430419921875	0.0	button_press	34816	6249356
381.93487548828125	0.0	button_press	34816	6257621
382.47906494140625	0.0	button_press	34816	6266537
383.04644775390625	0.0	button_press	34816	6275833
383.58154296875	0.0	button_press	34816	6284600
384.12115478515625	0.0	button_press	34816	6293441
384.6488037109375	0.0	button_press	34816	6302086
384.7662353515625	0.0	button_press	34816	6304010
385.16668701171875	0.0	button_press	34816	6310571
385.6783447265625	0.0	button_press	34816	6318954
386.21466064453125	0.0	button_press	34816	6327741
386.7757568359375	0.0	button_press	34816	6336934
387.2984619140625	0.0	button_press	34816	6345498
387.86053466796875	0.0	button_press	34816	6354707
388.38201904296875	0.0	button_press	34816	6363251
388.97979736328125	0.0	button_press	34816	6373045
389.44305419921875	0.0	button_press	34816	6380635
389.55621337890625	0.0	button_press	34816	6382489
389.99603271484375	0.0	button_press	34816	6389695
390.52166748046875	0.0	button_press	34816	6398307
391.0340576171875	0.0	button_press	34816	6406702
391.15130615234375	0.0	button_press	34816	6408623
391.64654541015625	0.0	button_press	34816	6416737
392.16278076171875	0.0	button_press	34816	6425195
392.6981201171875	0.0	button_press	34816	6433966
393.26434326171875	0.0	button_press	34816	6443243
393.7550048828125	0.0	button_press	34816	6451282
394.286376953125	0.0	button_press	34816	6459988
394.8670654296875	0.0	button_press	34816	6469502
395.39031982421875	0.0	button_press	34816	6478075
395.9185791015625	0.0	button_press	34816	6486730
396.423583984375	0.0	button_press	34816	6495004
396.96044921875	0.0	button_press	34816	6503800
397.48919677734375	0.0	button_press	34816	6512463
397.99676513671875	0.0	button_press	34816	6520779
398.54412841796875	0.0	button_press	34816	6529747
399.10302734375	0.0	button_press	34816	6538904
399.62579345703125	0.0	button_press	34816	6547469
399.73699951171875	0.0	button_press	34816	6549291
400.21435546875	0.0	button_press	34816	6557112
400.65997314453125	0.0	button_press	34816	6564413
401.2152099609375	0.0	button_press	34816	6573510
401.78369140625	0.0	button_press	34816	6582824
402.3380126953125	0.0	button_press	34816	6591906
402.8690185546875	0.0	button_press	34816	6600606
403.3770751953125	0.0	button_press	34816	6608930
403.9229736328125	0.0	button_press	34816	6617874
404.47930908203125	0.0	button_press	34816	6626989
404.996337890625	0.0	button_press	34816	6635460
405.10101318359375	0.0	button_press	34816	6637175
405.5306396484375	0.0	button_press	34816	6644214
406.03131103515625	0.0	button_press	34816	6652417
406.5750732421875	0.0	button_press	34816	6661326
407.07183837890625	0.0	button_press	34816	6669465
407.6527099609375	0.0	button_press	34816	6678982
408.17523193359375	0.0	button_press	34816	6687543
408.72406005859375	0.0	button_press	34816	6696535
408.84228515625	0.0	button_press	34816	6698472
409.25079345703125	0.0	button_press	34816	6705165
409.759033203125	0.0	button_press	34816	6713492
410.28277587890625	0.0	button_press	34816	6722073
410.81982421875	0.0	button_press	34816	6730872
411.3377685546875	0.0	button_press	34816	6739358
411.8602294921875	0.0	button_press	34816	6747918
412.43963623046875	0.0	button_press	34816	6757411
412.94873046875	0.0	button_press	34816	6765752
413.576416015625	0.0	button_press	34816	6776036
414.07293701171875	0.0	button_press	34816	6784171
414.60662841796875	0.0	button_press	34816	6792915
415.16607666015625	0.0	button_press	34816	6802081
415.75714111328125	0.0	button_press	34816	6811765
416.2271728515625	0.0	button_press	34816	6819466
416.71124267578125	0.0	button_press	34816	6827397
417.29071044921875	0.0	button_press	34816	6836891
417.86224365234375	0.0	button_press	34816	6846255
418.41632080078125	0.0	button_press	34816	6855333
418.96868896484375	0.0	button_press	34816	6864383
419.479736328125	0.0	button_press	34816	6872756
420.0406494140625	0.0	button_press	34816	6881946
420.5880126953125	0.0	button_press	34816	6890914
421.10284423828125	0.0	button_press	34816	6899349
421.638916015625	0.0	button_press	34816	6908132
422.17034912109375	0.0	button_press	34816	6916839
422.7109375	0.0	button_press	34816	6925696
423.25006103515625	0.0	button_press	34816	6934529
423.7408447265625	0.0	button_press	34816	6942570
424.2691650390625	0.0	button_press	34816	6951226
424.805419921875	0.0	button_press	34816	6960012
425.36138916015625	0.0	button_press	34816	6969121
425.8822021484375	0.0	button_press	34816	6977654
426.36865234375	0.0	button_press	34816	6985624
426.90826416015625	0.0	button_press	34816	6994465
427.42138671875	0.0	button_press	34816	7002872
427.97137451171875	0.0	button_press	34816	7011883
428.4925537109375	0.0	button_press	34816	7020422
428.98992919921875	0.0	button_press	34816	7028571
429.52679443359375	0.0	button_press	34816	7037367
429.97161865234375	0.0	button_press	34816	7044655
430.469970703125	0.0	button_press	34816	7052820
431.02191162109375	0.0	button_press	34816	7061863
431.5347900390625	0.0	button_press	34816	7070266
432.1678466796875	0.0	button_press	34816	7080638
432.67315673828125	0.0	button_press	34816	7088917
433.2210693359375	0.0	button_press	34816	7097894
433.705078125	0.0	button_press	34816	7105824
434.2479248046875	0.0	button_press	34816	7114718
434.78778076171875	0.0	button_press	34816	7123563
435.30322265625	0.0	button_press	34816	7132008
435.83587646484375	0.0	button_press	34816	7140735
436.33343505859375	0.0	button_press	34816	7148887
436.880859375	0.0	button_press	34816	7157856
437.365478515625	0.0	button_press	34816	7165796
437.899658203125	0.0	button_press	34816	7174548
438.38629150390625	0.0	button_press	34816	7182521
438.86004638671875	0.0	button_press	34816	7190283
439.40460205078125	0.0	button_press	34816	7199205
439.89617919921875	0.0	button_press	34816	7207259
440.453369140625	0.0	button_press	34816	7216388
440.94622802734375	0.0	button_press	34816	7224463
441.4287109375	0.0	button_press	34816	7232368
441.93829345703125	0.0	button_press	34816	7240717
442.49407958984375	0.0	button_press	34816	7249823
442.97509765625	0.0	button_press	34816	7257704
443.485107421875	0.0	button_press	34816	7266060
443.99053955078125	0.0	button_press	34816	7274341
444.46868896484375	0.0	button_press	34816	7282175
445.05950927734375	0.0	button_press	34816	7291855
445.52862548828125	0.0	button_press	34816	7299541
446.08099365234375	0.0	button_press	34816	7308591
446.53912353515625	0.0	button_press	34816	7316097
447.04034423828125	0.0	button_press	34816	7324309
447.1475830078125	0.0	button_press	34816	7326066
447.56329345703125	0.0	button_press	34816	7332877
448.103271484375	0.0	button_press	34816	7341724
448.58453369140625	0.0	button_press	34816	7349609
449.0855712890625	0.0	button_press	34816	7357818
449.55487060546875	0.0	button_press	34816	7365507
450.1239013671875	0.0	button_press	34816	7374830
450.6649169921875	0.0	button_press	34816	7383694
451.2017822265625	0.0	button_press	34816	7392490
451.7255859375	0.0	button_press	34816	7401072
452.26751708984375	0.0	button_press	34816	7409951
452.77593994140625	0.0	button_press	34816	7418281
453.2647705078125	0.0	button_press	34816	7426290
453.813232421875	0.0	button_press	34816	7435276
454.3182373046875	0.0	button_press	34816	7443550
454.8330078125	0.0	button_press	34816	7451984
455.328369140625	0.0	button_press	34816	7460100
455.85198974609375	0.0	button_press	34816	7468679
456.330322265625	0.0	button_press	34816	7476516
456.88592529296875	0.0	button_press	34816	7485619
457.41619873046875	0.0	button_press	34816	7494307
457.927734375	0.0	button_press	34816	7502688
458.46240234375	0.0	button_press	34816	7511448
458.96917724609375	0.0	button_press	34816	7519751
459.47650146484375	0.0	button_press	34816	7528063
459.98492431640625	0.0	button_press	34816	7536393
460.48394775390625	0.0	button_press	34816	7544569
460.9952392578125	0.0	button_press	34816	7552946
461.482421875	0.0	button_press	34816	7560928
461.9791259765625	0.0	button_press	34816	7569066
462.47540283203125	0.0	button_press	34816	7577197
463.00982666015625	0.0	button_press	34816	7585953
463.458740234375	0.0	button_press	34816	7593308
464.01385498046875	0.0	button_press	34816	7602403
464.52703857421875	0.0	button_press	34816	7610811
464.99267578125	0.0	button_press	34816	7618440
465.50775146484375	0.0	button_press	34816	7626879
465.97772216796875	0.0	button_press	34816	7634579
466.41229248046875	0.0	button_press	34816	7641699
466.9080810546875	0.0	button_press	34816	7649822
467.4146728515625	0.0	button_press	34816	7658122
467.92572021484375	0.0	button_press	34816	7666495
468.43939208984375	0.0	button_press	34816	7674911
468.91943359375	0.0	button_press	34816	7682776
469.40521240234375	0.0	button_press	34816	7690735
469.92071533203125	0.0	button_press	34816	7699181
470.40643310546875	0.0	button_press	34816	7707139
470.88201904296875	0.0	button_press	34816	7714931
471.38140869140625	0.0	button_press	34816	7723113
471.87054443359375	0.0	button_press	34816	7731127
472.32421875	0.0	button_press	34816	7738560
472.84661865234375	0.0	button_press	34816	7747119
473.30975341796875	0.0	button_press	34816	7754707
473.830078125	0.0	button_press	34816	7763232
474.30987548828125	0.0	button_press	34816	7771093
474.77197265625	0.0	button_press	34816	7778664
475.22088623046875	0.0	button_press	34816	7786019
475.74188232421875	0.0	button_press	34816	7794555
476.20361328125	0.0	button_press	34816	7802120
476.69903564453125	0.0	button_press	34816	7810237
477.2193603515625	0.0	button_press	34816	7818762
477.75982666015625	0.0	button_press	34816	7827617
478.28582763671875	0.0	button_press	34816	7836235
478.80804443359375	0.0	button_press	34816	7844791
479.28887939453125	0.0	button_press	34816	7852669
479.76092529296875	0.0	button_press	34816	7860403
480.2486572265625	0.0	button_press	34816	7868394
480.7706298828125	0.0	button_press	34816	7876946
481.2509765625	0.0	button_press	34816	7884816
481.716796875	0.0	button_press	34816	7892448
482.24639892578125	0.0	button_press	34816	7901125
482.69580078125	0.0	button_press	34816	7908488
483.19207763671875	0.0	button_press	34816	7916619
483.68670654296875	0.0	button_press	34816	7924723
484.18572998046875	0.0	button_press	34816	7932899
484.674560546875	0.0	button_press	34816	7940908
485.11370849609375	0.0	button_press	34816	7948103
485.64361572265625	0.0	button_press	34816	7956785
486.18182373046875	0.0	button_press	34816	7965603
486.6668701171875	0.0	button_press	34816	7973550
487.17620849609375	0.0	button_press	34816	7981895
487.674072265625	0.0	button_press	34816	7990052
488.20477294921875	0.0	button_press	34816	7998747
488.7109375	0.0	button_press	34816	8007040
489.18988037109375	0.0	button_press	34816	8014887
489.6983642578125	0.0	button_press	34816	8023218
490.248291015625	0.0	button_press	34816	8032228
490.72509765625	0.0	button_press	34816	8040040
491.22393798828125	0.0	button_press	34816	8048213
491.717529296875	0.0	button_press	34816	8056300
491.83807373046875	0.0	button_press	34816	8058275
492.1982421875	0.0	button_press	34816	8064176
492.71270751953125	0.0	button_press	34816	8072605
493.1844482421875	0.0	button_press	34816	8080334
493.67279052734375	0.0	button_press	34816	8088335
494.172607421875	0.0	button_press	34816	8096524
494.65277099609375	0.0	button_press	34816	8104391
495.13787841796875	0.0	button_press	34816	8112339
495.63165283203125	0.0	button_press	34816	8120429
496.1551513671875	0.0	button_press	34816	8129006
496.6160888671875	0.0	button_press	34816	8136558
497.0618896484375	0.0	button_press	34816	8143862
497.55548095703125	0.0	button_press	34816	8151949
498.0274658203125	0.0	button_press	34816	8159682
498.5242919921875	0.0	button_press	34816	8167822
499.05328369140625	0.0	button_press	34816	8176489
499.5185546875	0.0	button_press	34816	8184112
500.01177978515625	0.0	button_press	34816	8192193
500.49383544921875	0.0	button_press	34816	8200091
500.96600341796875	0.0	button_press	34816	8207827
501.44110107421875	0.0	button_press	34816	8215611
501.9482421875	0.0	button_press	34816	8223920
502.41815185546875	0.0	button_press	34816	8231619
502.87548828125	0.0	button_press	34816	8239112
503.34326171875	0.0	button_press	34816	8246776
503.827392578125	0.0	button_press	34816	8254708
504.329833984375	0.0	button_press	34816	8262940
504.7884521484375	0.0	button_press	34816	8270454
505.24688720703125	0.0	button_press	34816	8277965
505.7484130859375	0.0	button_press	34816	8286182
506.2291259765625	0.0	button_press	34816	8294058
506.758544921875	0.0	button_press	34816	8302732
507.2119140625	0.0	button_press	34816	8310160
507.685546875	0.0	button_press	34816	8317920
508.17132568359375	0.0	button_press	34816	8325879
508.640380859375	0.0	button_press	34816	8333564
509.10595703125	0.0	button_press	34816	8341192
509.21258544921875	0.0	button_press	34816	8342939
509.5650634765625	0.0	button_press	34816	8348714
510.021728515625	0.0	button_press	34816	8356196
510.498779296875	0.0	button_press	34816	8364012
510.9989013671875	0.0	button_press	34816	8372206
511.463134765625	0.0	button_press	34816	8379812
511.94232177734375	0.0	button_press	34816	8387663
512.4514770507812	0.0	button_press	34816	8396005
512.9396362304688	0.0	button_press	34816	8404003
513.0482177734375	0.0	button_press	34816	8405782
513.3976440429688	0.0	button_press	34816	8411507
513.8626708984375	0.0	button_press	34816	8419126
514.3621215820312	0.0	button_press	34816	8427309
514.8433227539062	0.0	button_press	34816	8435193
515.3590087890625	0.0	button_press	34816	8443642
515.809326171875	0.0	button_press	34816	8451020
516.2930297851562	0.0	button_press	34816	8458945
516.7347412109375	0.0	button_press	34816	8466182
517.1922607421875	0.0	button_press	34816	8473678
517.6182250976562	0.0	button_press	34816	8480657
518.0672607421875	0.0	button_press	34816	8488014
518.5281372070312	0.0	button_press	34816	8495565
519.0023803710938	0.0	button_press	34816	8503335
519.438720703125	0.0	button_press	34816	8510484
519.9224853515625	0.0	button_press	34816	8518410
520.37646484375	0.0	button_press	34816	8525848
520.8509521484375	0.0	button_press	34816	8533622
521.3150634765625	0.0	button_press	34816	8541226
521.4251708984375	0.0	button_press	34816	8543030
521.7417602539062	0.0	button_press	34816	8548217
522.2317504882812	0.0	button_press	34816	8556245
522.7890014648438	0.0	button_press	34816	8565375
523.2380981445312	0.0	button_press	34816	8572733
523.6991577148438	0.0	button_press	34816	8580287
524.1690673828125	0.0	button_press	34816	8587986
524.6694946289062	0.0	button_press	34816	8596185
525.1224975585938	0.0	button_press	34816	8603607
525.563720703125	0.0	button_press	34816	8610836
526.0499267578125	0.0	button_press	34816	8618802
526.4757690429688	0.0	button_press	34816	8625779
526.9909057617188	0.0	button_press	34816	8634219
527.4315185546875	0.0	button_press	34816	8641438
527.9155883789062	0.0	button_press	34816	8649369
528.3941040039062	0.0	button_press	34816	8657209
528.8634643554688	0.0	button_press	34816	8664899
529.3358154296875	0.0	button_press	34816	8672638
529.7825317382812	0.0	button_press	34816	8679957
530.2343139648438	0.0	button_press	34816	8687359
530.7122192382812	0.0	button_press	34816	8695189
531.2232666015625	0.0	button_press	34816	8703562
531.6693725585938	0.0	button_press	34816	8710871
532.153076171875	0.0	button_press	34816	8718796
532.6283569335938	0.0	button_press	34816	8726583
533.0924682617188	0.0	button_press	34816	8734187
533.5949096679688	0.0	button_press	34816	8742419
534.0541381835938	0.0	button_press	34816	8749943
534.5200805664062	0.0	button_press	34816	8757577
535.0248413085938	0.0	button_press	34816	8765847
535.5062255859375	0.0	button_press	34816	8773734
535.9429931640625	0.0	button_press	34816	8780890
536.3375244140625	0.0	button_press	34816	8787354
536.8936767578125	0.0	button_press	34816	8796466
537.270751953125	0.0	button_press	34816	8802644
537.7333374023438	0.0	button_press	34816	8810223
538.2059936523438	0.0	button_press	34816	8817967
538.68505859375	0.0	button_press	34816	8825816
539.112060546875	0.0	button_press	34816	8832812
539.60546875	0.0	button_press	34816	8840896
540.052490234375	0.0	button_press	34816	8848220
540.4913940429688	0.0	button_press	34816	8855411
540.940673828125	0.0	button_press	34816	8862772
541.4452514648438	0.0	button_press	34816	8871039
541.9168701171875	0.0	button_press	34816	8878766
542.374267578125	0.0	button_press	34816	8886260
542.8587036132812	0.0	button_press	34816	8894197
543.3277587890625	0.0	button_press	34816	8901882
543.8605346679688	0.0	button_press	34816	8910611
544.315673828125	0.0	button_press	34816	8918068
544.8123168945312	0.0	button_press	34816	8926205
545.2809448242188	0.0	button_press	34816	8933883
545.7319946289062	0.0	button_press	34816	8941273
546.1743774414062	0.0	button_press	34816	8948521
546.6275024414062	0.0	button_press	34816	8955945
547.1470336914062	0.0	button_press	34816	8964457
547.6023559570312	0.0	button_press	34816	8971917
548.0845947265625	0.0	button_press	34816	8979818
548.543212890625	0.0	button_press	34816	8987332
548.9790649414062	0.0	button_press	34816	8994473
549.4429321289062	0.0	button_press	34816	9002073
549.9070434570312	0.0	button_press	34816	9009677
550.34814453125	0.0	button_press	34816	9016904
550.8501586914062	0.0	button_press	34816	9025129
551.2976684570312	0.0	button_press	34816	9032461
551.763671875	0.0	button_press	34816	9040096
552.20849609375	0.0	button_press	34816	9047384
552.7203369140625	0.0	button_press	34816	9055770
553.1554565429688	0.0	button_press	34816	9062899
553.5972290039062	0.0	button_press	34816	9070137
554.0501708984375	0.0	button_press	34816	9077558
554.5247192382812	0.0	button_press	34816	9085333
554.9989013671875	0.0	button_press	34816	9093102
555.474365234375	0.0	button_press	34816	9100892
555.9351196289062	0.0	button_press	34816	9108441
556.4103393554688	0.0	button_press	34816	9116227
556.8858642578125	0.0	button_press	34816	9124018
557.3692626953125	0.0	button_press	34816	9131938
557.873046875	0.0	button_press	34816	9140192
558.33056640625	0.0	button_press	34816	9147688
558.7788696289062	0.0	button_press	34816	9155033
559.287109375	0.0	button_press	34816	9163360
559.7836303710938	0.0	button_press	34816	9171495
560.2210693359375	0.0	button_press	34816	9178662
560.7055053710938	0.0	button_press	34816	9186599
561.1613159179688	0.0	button_press	34816	9194067
561.6448974609375	0.0	button_press	34816	9201990
562.075927734375	0.0	button_press	34816	9209052
562.5720825195312	0.0	button_press	34816	9217181
563.0780639648438	0.0	button_press	34816	9225471
563.53173828125	0.0	button_press	34816	9232904
564.0338745117188	0.0	button_press	34816	9241131
564.5098876953125	0.0	button_press	34816	9248930
564.9659423828125	0.0	button_press	34816	9256402
565.4932861328125	0.0	button_press	34816	9265042
565.9808959960938	0.0	button_press	34816	9273031
566.4305419921875	0.0	button_press	34816	9280398
566.9125366210938	0.0	button_press	34816	9288295
567.3743896484375	0.0	button_press	34816	9295862
567.5038452148438	0.0	button_press	34816	9297983
567.8232421875	0.0	button_press	34816	9303216
568.3206787109375	0.0	button_press	34816	9311366
568.7725830078125	0.0	button_press	34816	9318770
569.3161010742188	0.0	button_press	34816	9327675
569.8134155273438	0.0	button_press	34816	9335823
570.3140869140625	0.0	button_press	34816	9344026
570.7752685546875	0.0	button_press	34816	9351582
571.2156982421875	0.0	button_press	34816	9358798
571.6610717773438	0.0	button_press	34816	9366095
572.0962524414062	0.0	button_press	34816	9373225
572.5515747070312	0.0	button_press	34816	9380685
573.0238037109375	0.0	button_press	34816	9388422
573.4923095703125	0.0	button_press	34816	9396098
573.9691162109375	0.0	button_press	34816	9403910
574.4689331054688	0.0	button_press	34816	9412099
574.9512329101562	0.0	button_press	34816	9420001
575.3843994140625	0.0	button_press	34816	9427098
575.8395385742188	0.0	button_press	34816	9434555
576.28955078125	0.0	button_press	34816	9441928
576.7433471679688	0.0	button_press	34816	9449363
577.19873046875	0.0	button_press	34816	9456824
577.6327514648438	0.0	button_press	34816	9463935
578.1317138671875	0.0	button_press	34816	9472110
578.588623046875	0.0	button_press	34816	9479596
579.0910034179688	0.0	button_press	34816	9487827
579.53515625	0.0	button_press	34816	9495104
579.9882202148438	0.0	button_press	34816	9502527
580.4815673828125	0.0	button_press	34816	9510610
580.9608154296875	0.0	button_press	34816	9518462
581.4078369140625	0.0	button_press	34816	9525786
581.8623657226562	0.0	button_press	34816	9533233
582.37890625	0.0	button_press	34816	9541696
582.8302612304688	0.0	button_press	34816	9549091
583.2828369140625	0.0	button_press	34816	9556506
583.7457275390625	0.0	button_press	34816	9564090
584.200927734375	0.0	button_press	34816	9571548
584.6757202148438	0.0	button_press	34816	9579327
585.1312255859375	0.0	button_press	34816	9586790
585.5759887695312	0.0	button_press	34816	9594077
586.0269775390625	0.0	button_press	34816	9601466
586.4785766601562	0.0	button_press	34816	9608865
586.933349609375	0.0	button_press	34816	9616316
587.3819580078125	0.0	button_press	34816	9623666
587.85205078125	0.0	button_press	34816	9631368
588.2763061523438	0.0	button_press	34816	9638319
588.3927001953125	0.0	button_press	34816	9640226
588.6840209960938	0.0	button_press	34816	9644999
589.10009765625	0.0	button_press	34816	9651816
589.4801635742188	0.0	button_press	34816	9658043
590.009765625	0.0	button_press	34816	9666720
590.4623413085938	0.0	button_press	34816	9674135
590.9492797851562	0.0	button_press	34816	9682113
591.4346923828125	0.0	button_press	34816	9690066
591.8738403320312	0.0	button_press	34816	9697261
592.385009765625	0.0	button_press	34816	9705636
592.8494262695312	0.0	button_press	34816	9713245
593.3177490234375	0.0	button_press	34816	9720918
593.7732543945312	0.0	button_press	34816	9728381
594.2469482421875	0.0	button_press	34816	9736142
594.7066650390625	0.0	button_press	34816	9743674
595.1574096679688	0.0	button_press	34816	9751059
595.63916015625	0.0	button_press	34816	9758952
596.1300048828125	0.0	button_press	34816	9766994
596.5901489257812	0.0	button_press	34816	9774533
597.16259765625	0.0	button_press	34816	9783912
597.612548828125	0.0	button_press	34816	9791284
598.1242065429688	0.0	button_press	34816	9799667
598.57080078125	0.0	button_press	34816	9806984
599.0614624023438	0.0	button_press	34816	9815023
599.5086059570312	0.0	button_press	34816	9822349
600.0230102539062	0.0	button_press	34816	9830777
600.4666748046875	0.0	button_press	34816	9838046
600.985595703125	0.0	button_press	34816	9846548
601.4776611328125	0.0	button_press	34816	9854610
601.981201171875	0.0	button_press	34816	9862860
602.5076293945312	0.0	button_press	34816	9871485
602.9772338867188	0.0	button_press	34816	9879179
603.46142578125	0.0	button_press	34816	9887112
603.9305419921875	0.0	button_press	34816	9894798
604.3770751953125	0.0	button_press	34816	9902114
604.8572387695312	0.0	button_press	34816	9909981
605.344482421875	0.0	button_press	34816	9917964
605.8285522460938	0.0	button_press	34816	9925895
606.3074951171875	0.0	button_press	34816	9933742
606.7791748046875	0.0	button_press	34816	9941470
607.245361328125	0.0	button_press	34816	9949108
607.7037353515625	0.0	button_press	34816	9956618
608.177734375	0.0	button_press	34816	9964384
608.6716918945312	0.0	button_press	34816	9972477
609.15673828125	0.0	button_press	34816	9980424
609.6160888671875	0.0	button_press	34816	9987950
610.0963134765625	0.0	button_press	34816	9995818
610.5457763671875	0.0	button_press	34816	10003182
610.9906616210938	0.0	button_press	34816	10010471
611.5027465820312	0.0	button_press	34816	10018861
612.0099487304688	0.0	button_press	34816	10027171
612.5079345703125	0.0	button_press	34816	10035330
612.9932250976562	0.0	button_press	34816	10043281
613.4476928710938	0.0	button_press	34816	10050727
613.9015502929688	0.0	button_press	34816	10058163
614.4264526367188	0.0	button_press	34816	10066763
614.9288330078125	0.0	button_press	34816	10074994
615.3739013671875	0.0	button_press	34816	10082286
615.8026123046875	0.0	button_press	34816	10089310
616.2799072265625	0.0	button_press	34816	10097130
616.7742919921875	0.0	button_press	34816	10105230
617.2062377929688	0.0	button_press	34816	10112307
617.6876220703125	0.0	button_press	34816	10120194
618.1683959960938	0.0	button_press	34816	10128071
618.663330078125	0.0	button_press	34816	10136180
618.7848510742188	0.0	button_press	34816	10138171
619.1008911132812	0.0	button_press	34816	10143349
619.5502319335938	0.0	button_press	34816	10150711
620.0283203125	0.0	button_press	34816	10158544
620.5137329101562	0.0	button_press	34816	10166497
620.9609375	0.0	button_press	34816	10173824
621.4159545898438	0.0	button_press	34816	10181279
621.8687744140625	0.0	button_press	34816	10188698
622.4192504882812	0.0	button_press	34816	10197717
622.5425415039062	0.0	button_press	34816	10199737
622.886962890625	0.0	button_press	34816	10205380
623.3411865234375	0.0	button_press	34816	10212822
623.782958984375	0.0	button_press	34816	10220060
624.2611694335938	0.0	button_press	34816	10227895
624.7506103515625	0.0	button_press	34816	10235914
625.2349243164062	0.0	button_press	34816	10243849
625.6917724609375	0.0	button_press	34816	10251334
626.178466796875	0.0	button_press	34816	10259308
626.3043823242188	0.0	button_press	34816	10261371
626.646484375	0.0	button_press	34816	10266976
627.1309204101562	0.0	button_press	34816	10274913
627.614013671875	0.0	button_press	34816	10282828
628.0823974609375	0.0	button_press	34816	10290502
628.517333984375	0.0	button_press	34816	10297628
629.0043334960938	0.0	button_press	34816	10305607
629.5504760742188	0.0	button_press	34816	10314555
629.9768676757812	0.0	button_press	34816	10321541
630.4137573242188	0.0	button_press	34816	10328699
630.8763427734375	0.0	button_press	34816	10336278
631.2887573242188	0.0	button_press	34816	10343035
631.8060913085938	0.0	button_press	34816	10351511
632.3648681640625	0.0	button_press	34816	10360666
632.8203125	0.0	button_press	34816	10368128
633.3265991210938	0.0	button_press	34816	10376423
633.7973022460938	0.0	button_press	34816	10384135
634.2909545898438	0.0	button_press	34816	10392223
634.7534790039062	0.0	button_press	34816	10399801
635.1964721679688	0.0	button_press	34816	10407059
635.6443481445312	0.0	button_press	34816	10414397
636.1548461914062	0.0	button_press	34816	10422761
636.5868530273438	0.0	button_press	34816	10429839
637.11376953125	0.0	button_press	34816	10438472
637.5941162109375	0.0	button_press	34816	10446342
638.04931640625	0.0	button_press	34816	10453800
638.5142822265625	0.0	button_press	34816	10461418
639.0135498046875	0.0	button_press	34816	10469598
639.4481201171875	0.0	button_press	34816	10476718
639.8458862304688	0.0	button_press	34816	10483235
639.9933471679688	0.0	button_press	34816	10485651
640.3104248046875	0.0	button_press	34816	10490846
640.7979125976562	0.0	button_press	34816	10498833
641.255615234375	0.0	button_press	34816	10506332
641.7283935546875	0.0	button_press	34816	10514078
642.2322387695312	0.0	button_press	34816	10522333
642.748779296875	0.0	button_press	34816	10530796
643.2195434570312	0.0	button_press	34816	10538509
643.6590576171875	0.0	button_press	34816	10545710
644.1319580078125	0.0	button_press	34816	10553458
644.5663452148438	0.0	button_press	34816	10560575
645.035888671875	0.0	button_press	34816	10568268
645.5367431640625	0.0	button_press	34816	10576474
645.9705200195312	0.0	button_press	34816	10583581
646.4739379882812	0.0	button_press	34816	10591829
646.9541625976562	0.0	button_press	34816	10599697
647.4656372070312	0.0	button_press	34816	10608077
647.9412231445312	0.0	button_press	34816	10615869
648.4527587890625	0.0	button_press	34816	10624250
648.9566040039062	0.0	button_press	34816	10632505
649.3970336914062	0.0	button_press	34816	10639721
649.9202270507812	0.0	button_press	34816	10648293
650.3934326171875	0.0	button_press	34816	10656046
650.8310546875	0.0	button_press	34816	10663216
651.2816162109375	0.0	button_press	34816	10670598
651.737548828125	0.0	button_press	34816	10678068
652.1846923828125	0.0	button_press	34816	10685394
652.3155517578125	0.0	button_press	34816	10687538
652.5971069335938	0.0	button_press	34816	10692151
653.0626220703125	0.0	button_press	34816	10699778
653.5402221679688	0.0	button_press	34816	10707603
654.007080078125	0.0	button_press	34816	10715252
654.419189453125	0.0	button_press	34816	10722004
654.8862915039062	0.0	button_press	34816	10729657
655.3522338867188	0.0	button_press	34816	10737291
655.8074951171875	0.0	button_press	34816	10744750
655.92724609375	0.0	button_press	34816	10746712
656.238037109375	0.0	button_press	34816	10751804
656.6644897460938	0.0	button_press	34816	10758791
657.0701904296875	0.0	button_press	34816	10765438
657.2068481445312	0.0	button_press	34816	10767677
657.5853881835938	0.0	button_press	34816	10773879
658.0680541992188	0.0	button_press	34816	10781787
658.5027465820312	0.0	button_press	34816	10788909
658.9849243164062	0.0	button_press	34816	10796809
659.4535522460938	0.0	button_press	34816	10804487
659.9232788085938	0.0	button_press	34816	10812183
660.3507080078125	0.0	button_press	34816	10819186
660.79638671875	0.0	button_press	34816	10826488
661.2520141601562	0.0	button_press	34816	10833953
661.6804809570312	0.0	button_press	34816	10840973
662.1044311523438	0.0	button_press	34816	10847919
662.5829467773438	0.0	button_press	34816	10855759
663.085693359375	0.0	button_press	34816	10863996
663.5156860351562	0.0	button_press	34816	10871041
663.9901733398438	0.0	button_press	34816	10878815
664.465087890625	0.0	button_press	34816	10886596
664.8753662109375	0.0	button_press	34816	10893318
665.31982421875	0.0	button_press	34816	10900600
665.7427978515625	0.0	button_press	34816	10907530
666.1940307617188	0.0	button_press	34816	10914923
666.6105346679688	0.0	button_press	34816	10921747
667.0038452148438	0.0	button_press	34816	10928191
667.4158325195312	0.0	button_press	34816	10934941
667.8878784179688	0.0	button_press	34816	10942675
668.3330078125	0.0	button_press	34816	10949968
668.7803955078125	0.0	button_press	34816	10957298
669.2507934570312	0.0	button_press	34816	10965005
669.7249755859375	0.0	button_press	34816	10972774
670.1780395507812	0.0	button_press	34816	10980197
670.3108520507812	0.0	button_press	34816	10982373
670.64404296875	0.0	button_press	34816	10987832
671.08984375	0.0	button_press	34816	10995136
671.499267578125	0.0	button_press	34816	11001844
671.9199829101562	0.0	button_press	34816	11008737
672.3605346679688	0.0	button_press	34816	11015955
672.7882690429688	0.0	button_press	34816	11022963
673.3036499023438	0.0	button_press	34816	11031407
673.7610473632812	0.0	button_press	34816	11038901
674.2136840820312	0.0	button_press	34816	11046317
674.6560668945312	0.0	button_press	34816	11053565
675.1021118164062	0.0	button_press	34816	11060873
675.5005493164062	0.0	button_press	34816	11067401
675.9661254882812	0.0	button_press	34816	11075029
676.446533203125	0.0	button_press	34816	11082900
676.9246215820312	0.0	button_press	34816	11090733
677.3737182617188	0.0	button_press	34816	11098091
677.8428955078125	0.0	button_press	34816	11105778
678.349853515625	0.0	button_press	34816	11114084
678.7810668945312	0.0	button_press	34816	11121149
679.2479858398438	0.0	button_press	34816	11128799
679.746826171875	0.0	button_press	34816	11136972
680.2354736328125	0.0	button_press	34816	11144978
680.7626342773438	0.0	button_press	34816	11153615
681.2435913085938	0.0	button_press	34816	11161495
681.7879028320312	0.0	button_press	34816	11170413
682.2130737304688	0.0	button_press	34816	11177379
682.6964721679688	0.0	button_press	34816	11185299
683.18408203125	0.0	button_press	34816	11193288
683.6494140625	0.0	button_press	34816	11200912
684.082275390625	0.0	button_press	34816	11208004
684.25	0.0	button_press	34816	11210752
684.6187744140625	0.0	button_press	34816	11216794
685.0816040039062	0.0	button_press	34816	11224377
685.5543212890625	0.0	button_press	34816	11232122
686.0264282226562	0.0	button_press	34816	11239857
686.4539184570312	0.0	button_press	34816	11246861
686.8941040039062	0.0	button_press	34816	11254073
687.3403930664062	0.0	button_press	34816	11261385
687.78515625	0.0	button_press	34816	11268672
688.2725830078125	0.0	button_press	34816	11276658
688.6882934570312	0.0	button_press	34816	11283469
689.1472778320312	0.0	button_press	34816	11290989
689.62060546875	0.0	button_press	34816	11298744
690.062744140625	0.0	button_press	34816	11305988
690.4874267578125	0.0	button_press	34816	11312946
690.9558715820312	0.0	button_press	34816	11320621
691.4066772460938	0.0	button_press	34816	11328007
691.7986450195312	0.0	button_press	34816	11334429
692.2508544921875	0.0	button_press	34816	11341838
692.3715209960938	0.0	button_press	34816	11343815
692.7012939453125	0.0	button_press	34816	11349218
692.81787109375	0.0	button_press	34816	11351128
693.12060546875	0.0	button_press	34816	11356088
693.552490234375	0.0	button_press	34816	11363164
694.021240234375	0.0	button_press	34816	11370844
694.4522705078125	0.0	button_press	34816	11377906
694.8712768554688	0.0	button_press	34816	11384771
